Rk,Player,Pos,Age,Tm,G,GS,MP,FG,FGA,FG%,3P,3PA,3P%,2P,2PA,2P%,eFG%,FT,FTA,FT%,ORB,DRB,TRB,AST,STL,BLK,TOV,PF,PTS▼
1,Luka Doncic,PG,24,DAL,70,70,37.5,11.5,23.6,0.487,4.1,10.6,0.382,7.4,13,0.573,0.573,6.8,8.7,0.786,0.8,8.4,9.2,9.8,1.4,0.5,4,2.1,33.9
2,Giannis Antetokounmpo,PF,29,MIL,73,73,35.2,11.5,18.8,0.611,0.5,1.7,0.274,11,17.1,0.645,0.624,7,10.7,0.657,2.7,8.8,11.5,6.5,1.2,1.1,3.4,2.9,30.4
3,Shai Gilgeous-Alexander,PG,25,OKC,75,75,34,10.6,19.8,0.535,1.3,3.6,0.353,9.3,16.2,0.576,0.567,7.6,8.7,0.874,0.9,4.7,5.5,6.2,2,0.9,2.2,2.5,30.1
4,Jalen Brunson,PG,27,NYK,77,77,35.4,10.3,21.4,0.479,2.7,6.8,0.401,7.5,14.6,0.516,0.543,5.5,6.5,0.847,0.6,3.1,3.6,6.7,0.9,0.2,2.4,1.9,28.7
5,Devin Booker,PG,27,PHO,68,68,36,9.4,19.2,0.492,2.2,6.1,0.364,7.2,13,0.552,0.55,6,6.7,0.886,0.8,3.7,4.5,6.9,0.9,0.4,2.6,3,27.1
6,Kevin Durant,PF,35,PHO,75,75,37.2,10,19.1,0.523,2.2,5.4,0.413,7.8,13.7,0.567,0.581,4.8,5.6,0.856,0.5,6.1,6.6,5,0.9,1.2,3.3,1.8,27.1
7,Jayson Tatum,PF,25,BOS,74,74,35.7,9.1,19.3,0.471,3.1,8.2,0.376,6,11,0.542,0.552,5.6,6.7,0.833,0.9,7.2,8.1,4.9,1,0.6,2.5,2,26.9
8,De'Aaron Fox,PG,26,SAC,74,74,35.9,9.7,20.9,0.465,2.9,7.8,0.369,6.8,13.1,0.522,0.534,4.2,5.7,0.738,0.9,3.7,4.6,5.6,2,0.4,2.6,2.6,26.6
9,Stephen Curry,PG,35,GSW,74,74,32.7,8.8,19.5,0.45,4.8,11.8,0.408,4,7.7,0.515,0.573,4,4.4,0.923,0.5,4,4.5,5.1,0.7,0.4,2.8,1.6,26.4
10,Nikola Jokic,C,28,DEN,79,79,34.6,10.4,17.9,0.583,1.1,2.9,0.359,9.4,14.9,0.626,0.612,4.5,5.5,0.817,2.8,9.5,12.4,9,1.4,0.9,3,2.5,26.4
11,Anthony Edwards,SG,22,MIN,79,78,35.1,9.1,19.7,0.461,2.4,6.7,0.357,6.7,13,0.515,0.522,5.4,6.4,0.836,0.7,4.8,5.4,5.1,1.3,0.5,3.1,1.8,25.9
12,Tyrese Maxey,PG,23,PHI,70,70,37.5,9.1,20.3,0.45,3,8.1,0.373,6.1,12.1,0.501,0.524,4.7,5.4,0.868,0.5,3.2,3.7,6.2,1,0.5,1.7,2.2,25.9
13,LeBron James,PF,39,LAL,71,71,35.3,9.6,17.9,0.54,2.1,5.1,0.41,7.5,12.8,0.592,0.599,4.3,5.7,0.75,0.9,6.4,7.3,8.3,1.3,0.5,3.5,1.1,25.7
14,Kyrie Irving,SG,31,DAL,58,58,35,9.7,19.5,0.497,3,7.3,0.411,6.7,12.2,0.548,0.573,3.3,3.6,0.905,0.8,4.2,5,5.2,1.3,0.5,1.8,1.9,25.6
15,Anthony Davis,C,30,LAL,76,76,35.5,9.4,16.9,0.556,0.4,1.4,0.271,9,15.5,0.582,0.567,5.5,6.8,0.816,3.1,9.5,12.6,3.5,1.2,2.3,2.1,2.3,24.7
16,Damian Lillard,PG,33,MIL,73,73,35.3,7.4,17.5,0.424,3,8.5,0.354,4.4,9,0.49,0.51,6.5,7,0.92,0.5,3.9,4.4,7,1,0.2,2.6,1.8,24.3
17,DeMar DeRozan,SF,34,CHI,79,79,37.8,8.2,17.2,0.48,0.9,2.8,0.333,7.3,14.3,0.509,0.507,6.6,7.7,0.853,0.5,3.8,4.3,5.3,1.1,0.6,1.7,2,24
18,Kawhi Leonard,SF,32,LAC,68,68,34.3,9,17.1,0.525,2.1,4.9,0.417,6.9,12.1,0.569,0.585,3.7,4.2,0.885,1.2,4.9,6.1,3.6,1.6,0.9,1.8,1.4,23.7
19,Jaylen Brown,SF,27,BOS,70,70,33.5,9,17.9,0.499,2.1,5.9,0.354,6.9,12.1,0.57,0.557,3,4.3,0.703,1.2,4.3,5.5,3.6,1.2,0.5,2.4,2.6,23
20,Zion Williamson,PF,23,NOP,70,70,31.5,8.9,15.6,0.57,0.1,0.3,0.333,8.8,15.4,0.574,0.573,5,7.1,0.702,1.7,4.1,5.8,5,1.1,0.7,2.8,2.3,22.9
21,Cade Cunningham,PG,22,DET,62,62,33.5,8.5,18.8,0.449,1.9,5.4,0.355,6.5,13.4,0.487,0.5,3.8,4.4,0.869,0.5,3.8,4.3,7.5,0.9,0.4,3.4,2.5,22.7
22,Paolo Banchero,PF,21,ORL,80,80,35,8,17.6,0.455,1.5,4.4,0.339,6.5,13.2,0.493,0.497,5.1,7,0.725,1,5.9,6.9,5.4,0.9,0.6,3.1,1.9,22.6
23,Paul George,PF,33,LAC,74,74,33.8,7.9,16.7,0.471,3.3,7.9,0.413,4.6,8.8,0.523,0.569,3.6,3.9,0.907,0.5,4.7,5.2,3.5,1.5,0.5,2.1,2.7,22.6
24,Jaren Jackson Jr.,C,24,MEM,66,66,32.2,7.8,17.6,0.444,1.8,5.5,0.32,6,12.1,0.501,0.494,5.1,6.3,0.808,1.3,4.2,5.5,2.3,1.2,1.6,2.4,3.6,22.5
25,Dejounte Murray,SG,27,ATL,78,78,35.7,8.6,18.8,0.459,2.6,7.1,0.363,6,11.7,0.518,0.528,2.7,3.4,0.794,0.8,4.5,5.3,6.4,1.4,0.3,2.6,1.8,22.5
26,Cam Thomas,SG,22,BRK,66,51,31.4,8,18,0.442,2.2,6,0.364,5.8,12,0.481,0.503,4.3,5.1,0.856,0.4,2.8,3.2,2.9,0.7,0.2,1.9,2.1,22.5
27,Kyle Kuzma,PF,28,WAS,70,70,32.6,8.7,18.8,0.463,2.2,6.4,0.336,6.5,12.3,0.53,0.521,2.7,3.4,0.775,0.9,5.7,6.6,4.2,0.5,0.7,2.7,2.2,22.2
28,Karl-Anthony Towns,PF,28,MIN,62,62,32.7,7.7,15.3,0.504,2.2,5.3,0.416,5.5,10.1,0.55,0.575,4.1,4.7,0.873,1.5,6.8,8.3,3,0.7,0.7,2.9,3.3,21.8
29,Pascal Siakam,PF,29,TOT,80,80,33.2,8.5,15.9,0.536,1.1,3.1,0.346,7.5,12.8,0.581,0.569,3.6,5,0.732,1.7,5.3,7.1,4.3,0.8,0.3,1.8,2.4,21.7
30,Victor Wembanyama,C,20,SAS,71,71,29.7,7.8,16.7,0.465,1.8,5.5,0.325,6,11.2,0.534,0.519,4.1,5.2,0.796,2.3,8.4,10.6,3.9,1.2,3.6,3.7,2.2,21.4
31,Jamal Murray,PG,26,DEN,59,59,31.5,8,16.7,0.481,2.5,5.8,0.425,5.6,10.9,0.51,0.554,2.7,3.1,0.853,0.7,3.4,4.1,6.5,1,0.7,2.1,1.8,21.2
32,Alperen Sengun,C,21,HOU,63,63,32.5,8.4,15.6,0.537,0.5,1.8,0.297,7.8,13.8,0.567,0.553,3.9,5.6,0.693,2.9,6.4,9.3,5,1.2,0.7,2.6,3.3,21.1
33,Miles Bridges,SF,25,CHO,69,67,37.4,8.1,17.5,0.462,2.3,6.5,0.349,5.8,11,0.529,0.527,2.5,3.1,0.825,1,6.3,7.3,3.3,0.9,0.5,2,1.7,21
34,Jimmy Butler,PF,34,MIA,60,60,34,6.6,13.2,0.499,1,2.4,0.414,5.6,10.8,0.519,0.537,6.6,7.7,0.858,1.8,3.6,5.3,5,1.3,0.3,1.7,1.1,20.8
35,Brandon Ingram,SF,26,NOP,64,64,32.9,7.8,15.9,0.492,1.3,3.8,0.355,6.5,12.1,0.534,0.534,3.8,4.8,0.801,0.7,4.4,5.1,5.7,0.8,0.6,2.5,2.3,20.8
36,RJ Barrett,SG,23,TOT,58,58,31.7,7.5,15.2,0.495,1.6,4.3,0.36,6,10.9,0.549,0.547,3.6,5,0.715,0.9,4.5,5.4,3.3,0.5,0.4,2.2,2.2,20.2
37,Tyrese Haliburton,PG,23,IND,69,68,32.2,7.2,15.2,0.477,2.8,7.8,0.364,4.4,7.4,0.595,0.57,2.8,3.3,0.855,0.5,3.4,3.9,10.9,1.2,0.7,2.3,1.1,20.1
38,CJ McCollum,PG,32,NOP,66,66,32.7,7.3,16,0.459,3.6,8.4,0.429,3.7,7.5,0.492,0.572,1.7,2.1,0.827,0.6,3.7,4.3,4.6,0.9,0.6,1.7,1.9,20
39,Scottie Barnes,SG,22,TOR,60,60,34.9,7.5,15.7,0.475,1.7,4.9,0.341,5.8,10.8,0.536,0.528,3.3,4.2,0.781,2.4,5.9,8.2,6.1,1.3,1.5,2.8,2,19.9
40,Terry Rozier,PG-SG,29,TOT,61,60,33.4,7.2,16.4,0.443,2.4,6.7,0.363,4.8,9.6,0.498,0.518,2.8,3.2,0.869,0.6,3.5,4,5.6,1,0.3,1.7,1.7,19.8
41,Franz Wagner,SF,22,ORL,72,72,32.5,7.3,15.2,0.482,1.3,4.6,0.281,6,10.6,0.57,0.525,3.8,4.4,0.85,1,4.3,5.3,3.7,1.1,0.4,1.9,2.3,19.7
42,Mikal Bridges,SF,27,BRK,82,82,34.8,6.9,15.8,0.436,2.7,7.2,0.372,4.2,8.6,0.49,0.521,3.1,3.9,0.814,0.8,3.7,4.5,3.6,1,0.4,2,1.4,19.6
43,Jalen Green,SG,21,HOU,82,82,31.7,6.9,16.2,0.423,2.5,7.4,0.332,4.4,8.9,0.498,0.498,3.5,4.3,0.804,0.5,4.7,5.2,3.5,0.8,0.3,2.3,1.4,19.6
44,Devin Vassell,SG,23,SAS,68,62,33.1,7.3,15.5,0.472,2.4,6.6,0.372,4.9,9,0.544,0.55,2.4,3,0.801,0.4,3.4,3.8,4.1,1.1,0.3,1.6,1.1,19.5
45,Domantas Sabonis,C,27,SAC,82,82,35.7,7.7,13,0.594,0.4,1.1,0.379,7.3,12,0.613,0.609,3.6,5.1,0.704,3.6,10.1,13.7,8.2,0.9,0.6,3.3,3,19.4
46,Bam Adebayo,C,26,MIA,71,71,34,7.5,14.3,0.521,0.2,0.6,0.357,7.3,13.7,0.528,0.529,4.1,5.5,0.755,2.2,8.1,10.4,3.9,1.1,0.9,2.3,2.2,19.3
47,Coby White,PG,23,CHI,79,78,36.5,6.8,15.3,0.447,2.6,7,0.376,4.2,8.3,0.508,0.534,2.8,3.3,0.838,0.6,4,4.5,5.1,0.7,0.2,2.1,2.4,19.1
48,Jalen Williams,PF,22,OKC,71,71,31.3,7.5,14,0.54,1.5,3.4,0.427,6.1,10.6,0.576,0.592,2.5,3.1,0.814,0.5,3.5,4,4.5,1.1,0.6,1.7,2.5,19.1
49,Collin Sexton,SG,25,UTA,78,51,26.6,6.5,13.3,0.487,1.6,4.2,0.394,4.8,9.1,0.53,0.549,4.1,4.7,0.859,0.9,1.7,2.6,4.9,0.8,0.2,2.1,2,18.7
50,D'Angelo Russell,PG,27,LAL,76,69,32.7,6.5,14.2,0.456,3,7.2,0.415,3.5,7,0.497,0.56,2.1,2.5,0.828,0.4,2.7,3.1,6.3,0.9,0.5,2.1,2.1,18
51,Nikola Vučević,C,33,CHI,76,74,34.3,7.7,15.9,0.484,1.2,4.1,0.294,6.5,11.8,0.55,0.522,1.4,1.7,0.822,2.8,7.8,10.5,3.3,0.7,0.8,1.6,2.5,18
52,Klay Thompson,SF,33,GSW,77,63,29.7,6.4,14.7,0.432,3.5,9,0.387,2.9,5.7,0.503,0.551,1.6,1.8,0.927,0.5,2.8,3.3,2.3,0.6,0.5,1.5,1.6,17.9
53,Jordan Poole,SG,24,WAS,78,66,30.1,6.3,15.2,0.413,2.4,7.2,0.326,3.9,8,0.492,0.491,2.5,2.8,0.877,0.4,2.3,2.7,4.4,1.1,0.3,2.4,3.1,17.4
54,Fred VanVleet,PG,29,HOU,73,73,36.8,5.8,13.9,0.416,3.1,8,0.387,2.7,5.9,0.454,0.527,2.7,3.1,0.86,0.5,3.4,3.8,8.1,1.4,0.8,1.7,2.5,17.4
55,Brandon Miller,SF,21,CHO,74,68,32.2,6.4,14.6,0.44,2.5,6.7,0.373,3.9,8,0.495,0.524,1.9,2.3,0.827,0.8,3.4,4.3,2.4,0.9,0.6,1.8,2.5,17.3
56,Tobias Harris,PF,31,PHI,70,70,33.8,6.6,13.6,0.487,1.3,3.7,0.353,5.3,9.9,0.537,0.535,2.7,3,0.878,1.1,5.3,6.5,3.1,1,0.7,1.3,1.6,17.2
57,Myles Turner,C,27,IND,77,77,27,6.2,11.8,0.524,1.5,4.2,0.358,4.7,7.6,0.615,0.587,3.2,4.1,0.773,1.5,5.5,6.9,1.3,0.5,1.9,1.4,3,17.1
58,Immanuel Quickley,PG-SG,24,TOT,68,38,29.2,5.7,13.1,0.434,2.5,6.4,0.395,3.2,6.8,0.471,0.53,3.1,3.6,0.853,0.3,3.6,3.8,4.9,0.7,0.1,1.5,1.8,17
59,Bogdan Bogdanović,SG,31,ATL,79,33,30.4,6,13.9,0.428,3,8.1,0.374,2.9,5.8,0.503,0.537,1.9,2.1,0.921,0.7,2.8,3.4,3.1,1.2,0.3,1.4,2.3,16.9
60,Michael Porter Jr.,SF,25,DEN,81,81,31.7,6.4,13.3,0.484,2.7,6.8,0.397,3.7,6.5,0.575,0.586,1.1,1.4,0.836,1.3,5.7,7,1.5,0.5,0.7,1.1,1.8,16.7
61,James Harden,PG,34,LAC,72,72,34.3,4.9,11.4,0.428,2.6,6.8,0.381,2.3,4.6,0.497,0.541,4.2,4.8,0.878,0.5,4.7,5.1,8.5,1.1,0.8,2.6,1.8,16.6
62,Jarrett Allen,C,25,CLE,77,77,31.7,6.7,10.6,0.634,0,0.1,0,6.7,10.6,0.638,0.634,3,4.1,0.742,3.2,7.4,10.5,2.7,0.7,1.1,1.6,1.9,16.5
63,Chet Holmgren,C,21,OKC,82,82,29.4,6.2,11.6,0.53,1.6,4.3,0.37,4.6,7.4,0.623,0.598,2.7,3.4,0.793,1.6,6.3,7.9,2.4,0.6,2.3,1.6,2.4,16.5
64,Jonathan Kuminga,PF,21,GSW,74,46,26.3,6.2,11.6,0.529,0.7,2.2,0.321,5.4,9.4,0.578,0.56,3,4,0.746,1.2,3.6,4.8,2.2,0.7,0.5,1.6,2.3,16.1
65,Austin Reaves,SG,25,LAL,82,57,32.1,5.6,11.5,0.486,1.9,5.1,0.367,3.7,6.3,0.583,0.568,2.8,3.3,0.853,0.7,3.6,4.3,5.5,0.8,0.3,2.1,1.9,15.9
66,Keldon Johnson,SF,24,SAS,69,27,29.5,5.7,12.5,0.454,1.8,5.3,0.346,3.8,7.2,0.533,0.527,2.5,3.2,0.792,1.4,4.1,5.5,2.8,0.7,0.3,1.4,2.2,15.7
67,Donte DiVincenzo,SG,27,NYK,81,63,29.1,5.5,12.4,0.443,3.5,8.7,0.401,2,3.7,0.542,0.584,1.1,1.4,0.754,0.8,2.9,3.7,2.7,1.3,0.4,1.4,2,15.5
68,Jaden Ivey,SG,21,DET,77,61,28.8,5.4,12.6,0.429,1.6,4.8,0.336,3.8,7.8,0.485,0.492,2.9,3.9,0.749,1.1,2.3,3.4,3.8,0.7,0.5,2.5,2.6,15.4
69,Malik Monk,SG,25,SAC,72,0,26,5.5,12.4,0.443,2.1,5.9,0.35,3.4,6.5,0.528,0.526,2.4,2.8,0.829,0.4,2.6,2.9,5.1,0.6,0.5,2.1,2.2,15.4
70,Kelly Oubre Jr.,SF,28,PHI,68,52,30.2,5.7,12.9,0.441,1.5,4.8,0.311,4.2,8.1,0.517,0.498,2.6,3.4,0.75,1.4,3.6,5,1.5,1.1,0.7,1.3,2.9,15.4
71,Keegan Murray,SF,23,SAC,77,77,33.6,5.8,12.7,0.454,2.4,6.6,0.358,3.4,6,0.56,0.548,1.3,1.6,0.831,1.4,4.1,5.5,1.7,1,0.8,0.8,2.7,15.2
72,Derrick White,SG,29,BOS,73,73,32.6,5.3,11.5,0.461,2.7,6.8,0.396,2.6,4.7,0.555,0.578,1.9,2.1,0.901,0.7,3.5,4.2,5.2,1,1.2,1.5,2.1,15.2
73,John Collins,PF,26,UTA,68,66,28,5.8,11,0.532,1.3,3.4,0.371,4.6,7.6,0.605,0.59,2.2,2.7,0.795,2.3,6.1,8.5,1.1,0.6,0.9,1.4,2.8,15.1
74,Deni Avdija,SF,23,WAS,75,75,30.1,5.4,10.7,0.506,1.2,3.1,0.374,4.2,7.6,0.56,0.56,2.7,3.6,0.74,1.1,6.1,7.2,3.8,0.8,0.5,2.1,2.5,14.7
75,Bennedict Mathurin,SF,21,IND,59,19,26.1,5,11.2,0.446,1.4,3.6,0.374,3.7,7.6,0.481,0.507,3.1,3.8,0.821,1,2.9,4,2,0.6,0.2,1.6,2,14.5
76,Tim Hardaway Jr.,SF,31,DAL,79,12,26.8,5,12.4,0.402,2.7,7.6,0.353,2.3,4.8,0.478,0.51,1.8,2.1,0.852,0.3,2.9,3.2,1.8,0.5,0.1,0.9,1.3,14.4
77,Rudy Gobert,C,31,MIN,76,76,34.1,5.3,8.1,0.661,0,0,0,5.3,8,0.664,0.661,3.3,5.1,0.638,3.8,9.2,12.9,1.3,0.7,2.1,1.6,3.1,14
78,Scoot Henderson,PG,19,POR,62,32,28.5,5,12.9,0.385,1.4,4.3,0.325,3.5,8.5,0.416,0.44,2.7,3.3,0.819,0.9,2.3,3.1,5.4,0.8,0.2,3.4,3.1,14
79,Caris LeVert,SG,29,CLE,68,10,28.8,5.1,12.1,0.421,1.6,4.9,0.325,3.5,7.2,0.486,0.487,2.3,3,0.766,0.6,3.5,4.1,5.1,1.1,0.5,1.7,1.8,14
80,Dennis Schröder,PG,30,TOT,80,58,31.1,5,11.6,0.435,1.7,4.6,0.375,3.3,7,0.474,0.509,2.2,2.7,0.836,0.5,2.5,3,6.1,0.8,0.2,1.9,2.1,14
81,Aaron Gordon,PF,28,DEN,73,73,31.5,5.5,9.8,0.556,0.5,1.9,0.29,4.9,7.9,0.619,0.584,2.4,3.7,0.658,2.4,4.1,6.5,3.5,0.8,0.6,1.4,1.9,13.9
82,Norman Powell,SG,30,LAC,76,3,26.2,4.9,10.1,0.486,2.2,5.1,0.435,2.7,5.1,0.536,0.594,1.9,2.3,0.831,0.2,2.4,2.6,1.1,0.6,0.3,0.9,1.8,13.9
83,Jalen Duren,C,20,DET,61,60,29.1,5.7,9.2,0.619,0,0.1,0,5.7,9.2,0.623,0.619,2.3,3,0.79,3.1,8.5,11.6,2.4,0.5,0.8,2.1,3.1,13.8
84,Bobby Portis,PF,28,MIL,82,4,24.5,5.7,11.2,0.508,1.2,3,0.407,4.5,8.2,0.545,0.562,1.2,1.5,0.79,1.7,5.7,7.4,1.3,0.8,0.4,1.1,2.3,13.8
85,Saddiq Bey,SF,24,ATL,63,51,32.7,4.6,11.1,0.416,1.8,5.7,0.316,2.8,5.4,0.522,0.497,2.7,3.2,0.837,2.7,3.9,6.5,1.5,0.8,0.2,0.9,1.4,13.7
86,Jabari Smith Jr.,PF,20,HOU,76,76,31.9,5,11,0.454,1.8,5,0.363,3.2,6,0.53,0.537,2,2.4,0.811,1.8,6.3,8.1,1.6,0.7,0.8,1.2,2.6,13.7
87,Gary Trent Jr.,SG,25,TOR,71,41,28.1,5.1,11.9,0.426,2.5,6.4,0.393,2.6,5.5,0.464,0.531,1,1.4,0.771,0.4,2.3,2.6,1.7,1.1,0.1,0.7,1.4,13.7
88,Rui Hachimura,PF,25,LAL,68,39,26.9,5.3,9.9,0.537,1.4,3.4,0.422,3.9,6.5,0.597,0.609,1.5,2,0.739,0.9,3.5,4.3,1.2,0.6,0.4,0.7,1.5,13.6
89,Grayson Allen,SG,28,PHO,75,74,33.5,4.5,9.1,0.499,2.7,5.9,0.461,1.8,3.2,0.57,0.649,1.7,2,0.878,0.6,3.3,3.9,3,0.9,0.6,1.3,2.1,13.5
90,Naz Reid,C,24,MIN,81,14,24.2,5,10.5,0.477,2.1,5,0.414,2.9,5.5,0.535,0.576,1.3,1.8,0.736,0.9,4.3,5.2,1.3,0.8,0.9,1.4,2.1,13.5
91,Cameron Johnson,PF,27,BRK,58,47,27.6,4.8,10.7,0.446,2.4,6.1,0.391,2.4,4.6,0.519,0.557,1.5,1.9,0.789,0.9,3.4,4.3,2.4,0.8,0.3,1,1.8,13.4
92,Corey Kispert,SF,24,WAS,80,22,25.8,4.8,9.9,0.486,2.3,6,0.383,2.5,3.9,0.643,0.602,1.4,2,0.726,0.4,2.4,2.8,2,0.5,0.2,1.2,1.8,13.4
93,Andrew Wiggins,SF,28,GSW,71,59,27,5,11,0.453,1.3,3.6,0.358,3.7,7.4,0.498,0.511,2,2.7,0.751,1.5,3,4.5,1.7,0.6,0.6,1.2,2.1,13.2
94,Keyonte George,PG,20,UTA,75,44,27,4.3,10.9,0.391,2,5.9,0.334,2.3,5,0.459,0.482,2.5,3,0.848,0.2,2.6,2.8,4.4,0.5,0.1,2.5,1.2,13
95,Duncan Robinson,SF,29,MIA,68,36,28,4.5,9.9,0.45,2.8,7,0.395,1.7,3,0.579,0.589,1.2,1.3,0.889,0.2,2.3,2.5,2.8,0.7,0.2,1.4,2.4,12.9
96,P.J. Washington,PF,25,TOT,73,45,30.4,4.8,11.1,0.436,1.8,5.7,0.32,3,5.5,0.558,0.518,1.4,2,0.683,1.2,4.5,5.6,1.9,1,0.8,1.3,2.3,12.9
97,Dillon Brooks,SF,28,HOU,72,72,30.9,4.6,10.7,0.428,1.8,5.1,0.359,2.7,5.5,0.492,0.515,1.7,2,0.844,0.7,2.7,3.4,1.7,0.9,0.1,1.2,3.3,12.7
98,Jalen Suggs,SG,22,ORL,75,75,27,4.5,9.5,0.471,2,5.1,0.397,2.4,4.4,0.556,0.578,1.6,2.1,0.756,0.6,2.4,3.1,2.7,1.4,0.6,1.8,2.7,12.6
99,Jrue Holiday,PG,33,BOS,69,69,32.8,4.8,10,0.48,2,4.7,0.429,2.8,5.3,0.526,0.581,0.9,1,0.833,1.2,4.2,5.4,4.8,0.9,0.8,1.8,1.6,12.5
100,Brook Lopez,C,35,MIL,79,79,30.5,4.6,9.6,0.485,1.9,5.1,0.366,2.8,4.4,0.621,0.583,1.4,1.7,0.821,1.5,3.7,5.2,1.6,0.5,2.4,1,2.4,12.5
101,Josh Giddey,SG,21,OKC,80,80,25.1,5,10.6,0.475,1,3,0.337,4,7.6,0.53,0.523,1.3,1.6,0.806,1.4,5,6.4,4.8,0.6,0.6,2.1,1.4,12.3
102,Harrison Barnes,PF,31,SAC,82,82,29,4.2,8.9,0.474,1.8,4.7,0.387,2.4,4.2,0.571,0.576,1.9,2.4,0.801,0.8,2.2,3,1.2,0.7,0.1,0.7,1.2,12.2
103,Ayo Dosunmu,SG,24,CHI,76,37,29.1,4.7,9.5,0.501,1.6,3.9,0.403,3.2,5.6,0.568,0.583,1.1,1.4,0.81,0.7,2.1,2.8,3.2,0.9,0.5,1.4,2.2,12.2
104,Aaron Nesmith,SF,24,IND,72,47,27.7,4.4,8.8,0.496,1.9,4.6,0.419,2.4,4.2,0.581,0.606,1.5,1.9,0.781,0.9,2.9,3.8,1.5,0.9,0.7,0.9,3.3,12.2
105,Max Strus,SF,27,CLE,70,70,32,4.3,10.4,0.418,2.4,6.8,0.351,1.9,3.6,0.546,0.533,1.1,1.4,0.794,0.9,3.9,4.8,4,0.9,0.4,1.6,2.4,12.2
106,Jonas Valančiūnas,C,31,NOP,82,82,23.5,4.9,8.8,0.559,0.5,1.5,0.308,4.5,7.3,0.609,0.585,2,2.5,0.785,2.3,6.5,8.8,2.1,0.4,0.8,1.4,2.7,12.2
107,Buddy Hield,SF-SG,31,TOT,84,42,25.7,4.4,10.1,0.436,2.6,6.8,0.386,1.8,3.4,0.539,0.565,0.6,0.7,0.881,0.7,2.5,3.2,2.8,0.8,0.5,1.2,2,12.1
108,Tyus Jones,PG,27,WAS,66,66,29.3,4.9,10.1,0.489,1.6,3.9,0.414,3.3,6.2,0.537,0.569,0.5,0.6,0.8,0.3,2.4,2.7,7.3,1.1,0.3,1,0.7,12
109,Jaime Jaquez Jr.,SF,22,MIA,75,20,28.2,4.5,9.3,0.489,0.9,2.7,0.322,3.7,6.6,0.558,0.536,1.9,2.3,0.811,1.1,2.7,3.8,2.6,1,0.3,1.5,2.2,11.9
110,Nic Claxton,C,24,BRK,71,71,29.8,5.2,8.2,0.629,0,0.1,0.2,5.1,8.1,0.633,0.63,1.5,2.8,0.551,2.7,7.2,9.9,2.1,0.6,2.1,1.3,2.5,11.8
111,Ivica Zubac,C,26,LAC,68,68,26.4,5,7.6,0.649,0,0,,5,7.6,0.649,0.649,1.8,2.4,0.723,2.9,6.3,9.2,1.4,0.3,1.2,1.2,2.6,11.7
112,Cole Anthony,PG,23,ORL,81,0,22.4,4.1,9.4,0.435,1.1,3.4,0.338,3,6,0.49,0.496,2.2,2.7,0.826,0.8,3,3.8,2.9,0.8,0.5,1.6,2.2,11.6
113,Jeremy Sochan,PF,20,SAS,74,73,29.6,4.6,10.5,0.438,0.9,3.1,0.308,3.6,7.4,0.492,0.483,1.5,1.9,0.771,1.9,4.6,6.4,3.4,0.8,0.5,1.9,2.3,11.6
114,Clint Capela,C,29,ATL,73,73,25.8,4.8,8.5,0.571,0,0,0,4.8,8.5,0.572,0.571,1.8,2.8,0.631,4.6,6,10.6,1.2,0.6,1.5,1,2.2,11.5
115,Mike Conley,PG,36,MIN,76,76,28.9,3.9,8.5,0.457,2.4,5.3,0.442,1.5,3.1,0.481,0.595,1.3,1.5,0.911,0.5,2.4,2.9,5.9,1.2,0.2,1.3,1.7,11.4
116,Malik Beasley,SG,27,MIL,79,77,29.6,4.1,9.1,0.443,2.8,6.9,0.413,1.2,2.3,0.533,0.598,0.3,0.4,0.714,0.5,3.2,3.7,1.4,0.7,0.1,0.7,2,11.3
117,Zach Collins,C,26,SAS,69,29,22.1,4.3,8.9,0.484,0.8,2.6,0.32,3.5,6.3,0.552,0.531,1.8,2.3,0.753,1.7,3.7,5.4,2.8,0.5,0.8,1.9,3,11.2
118,Russell Westbrook,PG,35,LAC,68,11,22.5,4.4,9.8,0.454,0.6,2.3,0.273,3.8,7.5,0.509,0.486,1.6,2.4,0.688,1.4,3.7,5,4.5,1.1,0.3,2.1,1.8,11.1
119,Daniel Gafford,C-PF,25,TOT,74,66,24.5,4.7,6.5,0.725,0,0,,4.7,6.5,0.725,0.725,1.6,2.4,0.674,2.6,5,7.6,1.6,0.9,2.1,1,3.1,11
120,Eric Gordon,SG,35,PHO,68,24,27.8,4,9.1,0.443,2.2,5.8,0.378,1.8,3.3,0.561,0.565,0.8,0.9,0.797,0.2,1.6,1.8,2,1,0.4,1.1,1.2,11
121,Herbert Jones,SF,25,NOP,76,76,30.5,3.9,7.7,0.498,1.5,3.6,0.418,2.4,4.1,0.568,0.595,1.8,2.1,0.867,1,2.6,3.6,2.6,1.4,0.8,1.2,2.9,11
122,Luguentz Dort,SF,24,OKC,79,79,28.4,3.6,8.3,0.438,2,5,0.394,1.7,3.3,0.506,0.557,1.6,2,0.826,0.9,2.7,3.6,1.4,0.9,0.6,0.9,2.9,10.9
123,Jusuf Nurkić,C,29,PHO,76,76,27.3,4.2,8.3,0.51,0.3,1.2,0.244,3.9,7.1,0.555,0.528,2.2,3.4,0.64,2.9,8.1,11,4,1.1,1.1,2.3,3.3,10.9
124,Moritz Wagner,C,26,ORL,80,1,17.7,4.2,6.9,0.601,0.5,1.4,0.33,3.7,5.5,0.673,0.636,2.1,2.6,0.814,1.5,2.9,4.3,1.2,0.5,0.3,1.2,2,10.9
125,Bruce Brown,PG-SG,27,TOT,67,44,27.9,4.1,8.7,0.478,0.8,2.4,0.323,3.4,6.2,0.538,0.523,1.7,2.1,0.824,0.8,3.4,4.2,2.9,0.9,0.3,1.3,2.2,10.8
126,Santi Aldama,PF,23,MEM,61,35,26.5,4,9.3,0.435,1.7,5,0.349,2.3,4.3,0.534,0.528,0.9,1.4,0.621,1.2,4.6,5.8,2.3,0.7,0.9,1.1,1.5,10.7
127,Spencer Dinwiddie,PG,30,TOT,76,52,28.3,3.3,8.4,0.392,1.6,4.8,0.337,1.7,3.6,0.467,0.489,2.2,2.8,0.805,0.4,2.3,2.7,4.7,0.7,0.3,1.2,1.8,10.5
128,Simone Fontecchio,SF,28,TOT,66,43,24.9,3.8,8.3,0.46,2,5.1,0.401,1.8,3.2,0.551,0.582,0.8,1,0.818,1,2.8,3.7,1.5,0.7,0.3,1,1.7,10.5
129,Jaden McDaniels,SF,23,MIN,72,71,29.2,4.3,8.7,0.489,1.2,3.5,0.337,3.1,5.2,0.592,0.557,0.8,1.1,0.722,0.8,2.3,3.1,1.4,0.9,0.6,1.2,3,10.5
130,Alec Burks,SG,32,TOT,66,1,18.4,3.2,8.6,0.369,1.9,5,0.376,1.3,3.6,0.36,0.478,2.2,2.5,0.868,0.4,1.9,2.3,1.3,0.4,0.2,0.7,1.1,10.4
131,Obi Toppin,PF,25,IND,82,28,21.1,4,7.1,0.573,1.2,3.1,0.403,2.8,4,0.706,0.661,0.9,1.2,0.77,1,2.9,3.9,1.6,0.6,0.5,0.8,1.7,10.3
132,Grant Williams,PF,25,TOT,76,43,28,3.6,8,0.456,1.7,4.4,0.375,2,3.5,0.558,0.56,1.4,1.8,0.757,1.1,3.1,4.2,2.3,0.6,0.5,1.4,3,10.3
133,Kevin Huerter,SG,25,SAC,64,59,24.4,3.9,8.8,0.443,1.9,5.3,0.361,2,3.4,0.571,0.553,0.6,0.7,0.766,0.6,2.9,3.5,2.6,0.7,0.4,0.8,2.1,10.2
134,Reggie Jackson,PG,33,DEN,82,23,22.2,4,9.2,0.431,1.2,3.5,0.359,2.7,5.8,0.475,0.499,1,1.2,0.806,0.4,1.5,1.9,3.8,0.5,0.2,1.3,1.8,10.2
135,T.J. McConnell,PG,31,IND,71,4,18.2,4.6,8.4,0.556,0.3,0.6,0.409,4.4,7.7,0.568,0.572,0.7,0.9,0.79,0.5,2.2,2.7,5.5,1,0.1,1.5,1.1,10.2
136,Kentavious Caldwell-Pope,SG,30,DEN,76,76,31.6,3.6,7.7,0.46,1.6,4.1,0.406,1.9,3.7,0.52,0.566,1.3,1.5,0.894,0.4,2,2.4,2.4,1.3,0.6,1,2,10.1
137,Alex Caruso,SG,29,CHI,71,57,28.7,3.6,7.6,0.468,1.9,4.7,0.408,1.6,2.9,0.563,0.593,1,1.4,0.76,0.9,3,3.8,3.5,1.7,1,1.4,2.5,10.1
138,Tre Jones,PG,24,SAS,77,48,27.8,3.9,7.8,0.505,0.8,2.5,0.335,3.1,5.3,0.584,0.558,1.3,1.5,0.856,0.8,3,3.8,6.2,1,0.1,1.5,1.2,10
139,Caleb Martin,SF,28,MIA,64,23,27.4,3.8,8.7,0.431,1.3,3.6,0.349,2.5,5.1,0.489,0.504,1.2,1.5,0.778,1.2,3.2,4.4,2.2,0.7,0.5,1.2,2,10
140,Jalen Smith,C,23,IND,61,14,17.2,3.8,6.5,0.592,1,2.4,0.424,2.8,4.1,0.689,0.67,1.2,1.7,0.692,1.8,3.7,5.5,1,0.3,0.6,0.7,2,9.9
141,Kelly Olynyk,C,32,TOT,78,27,22.6,3.5,6.4,0.555,0.8,2,0.387,2.8,4.4,0.632,0.616,1.9,2.3,0.833,1.4,3.9,5.3,4.4,0.9,0.4,1.9,2.9,9.8
142,Nick Richards,C,26,CHO,67,51,26.3,3.9,5.6,0.691,0,0,0,3.9,5.6,0.693,0.691,2,2.7,0.737,2.6,5.5,8,0.8,0.4,1.1,1.1,2.6,9.7
143,Lonnie Walker IV,SG,25,BRK,58,0,17.4,3.6,8.5,0.423,1.8,4.7,0.384,1.8,3.8,0.471,0.528,0.8,1,0.763,0.2,2,2.2,1.3,0.6,0.3,0.9,1.2,9.7
144,Payton Pritchard,PG,26,BOS,82,5,22.3,3.6,7.7,0.468,1.8,4.7,0.385,1.8,3.1,0.593,0.583,0.6,0.7,0.821,0.9,2.4,3.2,3.4,0.5,0.1,0.7,1.3,9.6
145,Amen Thompson,SF,21,HOU,62,23,22.4,3.9,7.2,0.536,0.1,0.9,0.138,3.7,6.3,0.595,0.545,1.7,2.5,0.684,2.4,4.2,6.6,2.6,1.3,0.6,1.5,2.3,9.5
146,Josh Hart,SF,28,NYK,81,42,33.4,3.6,8.4,0.434,1,3.2,0.31,2.7,5.2,0.511,0.493,1.1,1.4,0.791,1.6,6.8,8.3,4.1,0.9,0.3,1.5,2.1,9.4
147,Georges Niang,PF,30,CLE,82,10,22.3,3.5,7.7,0.449,1.8,4.8,0.376,1.6,2.9,0.572,0.567,0.6,0.7,0.85,0.3,3.1,3.4,1.2,0.4,0.2,0.9,2.3,9.4
148,Isaac Okoro,SF,23,CLE,69,42,27.3,3.4,7,0.49,1.2,3.1,0.391,2.2,3.8,0.57,0.577,1.3,2,0.679,1,2,3,1.9,0.8,0.5,0.8,2,9.4
149,Malaki Branham,PG,20,SAS,75,29,21.3,3.6,8.4,0.432,1.2,3.6,0.347,2.4,4.8,0.494,0.506,0.7,0.8,0.873,0.4,1.6,2,2.1,0.4,0.1,1.2,1.3,9.2
150,Andrew Nembhard,PG,24,IND,68,47,25,3.8,7.7,0.498,0.9,2.5,0.357,2.9,5.2,0.567,0.557,0.7,0.8,0.804,0.5,1.5,2.1,4.1,0.9,0.1,1.5,2.1,9.2
151,Chris Paul,PG,38,GSW,58,18,26.4,3.6,8.1,0.441,1.3,3.6,0.371,2.2,4.4,0.498,0.525,0.7,0.9,0.827,0.3,3.6,3.9,6.8,1.2,0.1,1.3,1.9,9.2
152,Brandin Podziemski,SG,20,GSW,74,28,26.6,3.7,8.1,0.454,1.2,3.2,0.385,2.4,4.9,0.499,0.529,0.7,1.1,0.633,1.6,4.2,5.8,3.7,0.8,0.2,1.2,1.6,9.2
153,Duop Reath,C,27,POR,68,20,17.9,3.4,7.3,0.461,1.3,3.6,0.359,2.1,3.7,0.559,0.549,1,1.4,0.742,1.4,2.3,3.7,1,0.5,0.6,0.8,2.4,9.1
154,Sam Hauser,SF,26,BOS,79,13,22,3.2,7.1,0.446,2.5,5.9,0.424,0.7,1.2,0.559,0.623,0.2,0.2,0.895,0.6,2.9,3.5,1,0.5,0.3,0.4,1.3,9
155,Taurean Prince,PF,29,LAL,78,49,27,3.2,7.3,0.442,1.8,4.6,0.396,1.4,2.8,0.519,0.566,0.6,0.9,0.735,0.3,2.7,2.9,1.5,0.7,0.4,0.9,1.9,8.9
156,Jabari Walker,SF,21,POR,72,23,23.6,3.3,7.1,0.46,0.6,1.9,0.295,2.7,5.1,0.522,0.5,1.8,2.4,0.754,2.1,5,7.1,1,0.6,0.3,0.9,2.4,8.9
157,Terance Mann,SG,27,LAC,75,71,25,3.4,6.6,0.515,0.9,2.7,0.348,2.4,3.9,0.633,0.587,1.1,1.3,0.832,1.2,2.2,3.4,1.6,0.6,0.2,0.6,1.9,8.8
158,Ausar Thompson,SF,21,DET,63,38,25.1,3.7,7.6,0.483,0.3,1.8,0.186,3.3,5.8,0.575,0.505,1.1,1.9,0.597,2,4.3,6.4,1.9,1.1,0.9,1.3,2.8,8.8
159,Al Horford,C,37,BOS,65,33,26.8,3.3,6.4,0.511,1.7,4,0.419,1.6,2.5,0.658,0.64,0.4,0.5,0.867,1.3,5.1,6.4,2.6,0.6,1,0.7,1.4,8.6
160,Derrick Jones Jr.,SF,26,DAL,76,66,23.5,3.1,6.5,0.483,1.1,3.1,0.343,2.1,3.4,0.613,0.566,1.3,1.8,0.713,1.1,2.2,3.3,1,0.7,0.7,0.9,1.6,8.6
161,Gradey Dick,SG,20,TOR,60,17,21.1,3.2,7.4,0.425,1.5,4,0.365,1.7,3.4,0.495,0.524,0.7,0.9,0.863,0.5,1.8,2.2,1.1,0.6,0,0.8,1.5,8.5
162,Dorian Finney-Smith,PF,30,BRK,68,56,28.4,3.2,7.5,0.421,1.7,4.9,0.348,1.4,2.6,0.56,0.535,0.5,0.7,0.717,1.6,3.1,4.7,1.6,0.8,0.6,0.9,2.2,8.5
163,Bilal Coulibaly,SF,19,WAS,63,15,27.2,3,6.9,0.435,1,2.9,0.346,2,3.9,0.502,0.509,1.5,2.1,0.702,0.9,3.2,4.1,1.7,0.9,0.8,1.4,2.2,8.4
164,Andre Drummond,C,30,CHI,79,10,17.1,3.4,6.1,0.556,0,0,0,3.4,6,0.56,0.556,1.6,2.8,0.592,3.4,5.6,9,0.5,0.9,0.6,1,1.8,8.4
165,Miles McBride,PG,23,NYK,68,14,19.5,3,6.7,0.452,1.6,3.9,0.41,1.4,2.8,0.511,0.572,0.6,0.7,0.86,0.5,1,1.5,1.7,0.7,0.1,0.4,1.6,8.3
166,Marcus Sasser,PG,23,DET,71,11,19,3.1,7.2,0.428,1.3,3.4,0.375,1.8,3.8,0.474,0.516,0.8,0.9,0.879,0.2,1.6,1.8,3.3,0.6,0.2,1.3,1.5,8.3
167,Isaiah Joe,SG,24,OKC,78,1,18.5,2.8,6.2,0.458,1.9,4.5,0.416,1,1.7,0.568,0.609,0.6,0.7,0.865,0.4,1.9,2.3,1.3,0.6,0.3,0.6,1.1,8.2
168,Walker Kessler,C,22,UTA,64,22,23.3,3.6,5.5,0.654,0.1,0.3,0.211,3.5,5.2,0.68,0.66,0.9,1.5,0.602,2.6,4.9,7.5,0.9,0.5,2.4,1,2.1,8.1
169,Kyle Lowry,PG,37,TOT,60,55,28.2,2.7,6.3,0.432,1.6,4.2,0.392,1.1,2.1,0.512,0.562,1.1,1.3,0.84,0.6,2.7,3.2,4.2,1,0.4,1.4,2.4,8.1
170,Moses Moody,SG,21,GSW,66,9,17.5,2.9,6.4,0.462,1.1,3,0.36,1.8,3.3,0.555,0.548,1.1,1.4,0.785,1,2,3,0.9,0.6,0.4,0.7,1.4,8.1
171,Nickeil Alexander-Walker,SG,25,MIN,82,20,23.4,2.9,6.6,0.439,1.6,4.1,0.391,1.3,2.5,0.517,0.56,0.6,0.8,0.8,0.4,1.6,2,2.5,0.8,0.5,0.9,1.7,8
172,Sam Merrill,SG,27,CLE,61,1,17.5,2.6,6.4,0.402,2.3,5.8,0.404,0.2,0.6,0.385,0.584,0.4,0.5,0.929,0.4,1.6,2,1.8,0.3,0.1,0.3,1.2,8
173,Dario Šarić,C,29,GSW,64,9,17.2,2.8,6.1,0.466,1.2,3.1,0.376,1.7,3,0.56,0.562,1.2,1.5,0.849,1.1,3.3,4.4,2.3,0.5,0.2,1.2,1.8,8
174,Trayce Jackson-Davis,PF,23,GSW,68,16,16.6,3.4,4.9,0.702,0,0,0,3.4,4.9,0.704,0.702,1.1,1.9,0.561,2,3,5,1.2,0.4,1.1,0.7,1.6,7.9
175,Isaiah Hartenstein,C,25,NYK,75,49,25.3,3.1,4.9,0.644,0,0,0.333,3.1,4.8,0.646,0.645,1.5,2.1,0.707,3.3,5.1,8.3,2.5,1.2,1.1,1.2,2.8,7.8
176,Jordan Hawkins,SG,21,NOP,67,10,17.3,2.6,6.8,0.382,1.6,4.4,0.366,1,2.4,0.411,0.501,1,1.2,0.838,0.4,1.8,2.2,1,0.3,0.1,0.6,1.1,7.8
177,Royce O'Neale,SF,30,TOT,79,14,24.7,2.7,6.8,0.397,2,5.3,0.37,0.7,1.5,0.496,0.542,0.3,0.4,0.686,0.8,4,4.8,2.8,0.7,0.6,0.9,2.2,7.7
178,Precious Achiuwa,PF-C,24,TOT,74,18,21.9,3.2,6.3,0.501,0.4,1.3,0.268,2.8,5,0.562,0.529,0.9,1.5,0.616,2.6,4,6.6,1.3,0.6,0.9,1.1,1.9,7.6
179,Toumani Camara,PF,23,POR,70,49,24.8,2.8,6.3,0.45,0.8,2.5,0.337,2,3.8,0.523,0.516,1.1,1.4,0.758,2,2.9,4.9,1.2,0.9,0.5,1.2,2.5,7.5
180,Cameron Payne,PG,29,TOT,78,10,16.7,2.7,6.2,0.432,1.3,3.4,0.39,1.3,2.7,0.486,0.541,0.7,0.9,0.866,0.3,1.2,1.5,2.6,0.5,0.1,0.8,1.6,7.4
181,Christian Braun,SG,22,DEN,82,4,20.2,2.7,5.9,0.46,0.8,2,0.384,1.9,3.9,0.498,0.525,1.1,1.6,0.694,1,2.8,3.7,1.6,0.5,0.4,0.7,1.7,7.3
182,Jaden Hardy,SG,21,DAL,73,7,13.5,2.7,6.6,0.407,1.1,3.1,0.362,1.6,3.5,0.447,0.492,0.8,1,0.776,0.3,1.5,1.8,1.5,0.3,0.1,0.8,1.1,7.3
183,Paul Reed,C,24,PHI,82,24,19.4,3.2,5.9,0.54,0.3,0.7,0.368,2.9,5.2,0.563,0.561,0.7,1,0.718,2.4,3.6,6,1.3,0.8,1,0.8,2.4,7.3
184,Trey Lyles,PF,28,SAC,58,0,20,2.5,5.5,0.445,1.4,3.8,0.384,1,1.8,0.578,0.576,0.8,1.2,0.7,1.1,3.4,4.4,1.2,0.3,0.3,0.7,1.5,7.2
185,Naji Marshall,SF,26,NOP,66,1,19,2.6,5.6,0.463,0.9,2.3,0.387,1.7,3.3,0.516,0.542,1,1.3,0.791,0.8,2.8,3.6,1.9,0.7,0.2,1,1.4,7.1
186,James Wiseman,C,22,DET,63,6,17.3,3,4.8,0.613,0,0,0,3,4.8,0.617,0.613,1.1,1.6,0.706,1.7,3.6,5.3,0.9,0.2,0.6,1,2.2,7.1
187,Vasilije Micić,PG,30,TOT,60,21,19.6,2.7,6.2,0.43,0.7,2.6,0.279,1.9,3.6,0.537,0.488,1,1.3,0.813,0.2,1.2,1.5,4.4,0.5,0.1,1.7,1.1,7
188,Trendon Watford,PF,23,BRK,63,2,13.6,2.6,4.9,0.527,0.4,1.1,0.397,2.2,3.9,0.564,0.571,1.2,1.5,0.794,0.8,2.3,3.1,1.3,0.4,0.3,1,1.7,6.9
189,Aaron Wiggins,SG,25,OKC,78,4,15.7,2.7,4.8,0.562,0.8,1.6,0.492,1.9,3.2,0.598,0.645,0.7,0.9,0.789,0.8,1.6,2.4,1.1,0.7,0.2,0.7,1.2,6.9
190,Julian Champagnie,SF,22,SAS,74,59,19.8,2.2,5.4,0.408,1.4,3.7,0.365,0.9,1.7,0.504,0.534,1,1.2,0.815,0.6,2.2,2.8,1.4,0.6,0.6,0.8,1,6.8
191,Jonathan Isaac,PF,26,ORL,58,2,15.8,2.5,4.9,0.51,0.7,1.9,0.375,1.8,3,0.598,0.584,1,1.4,0.72,1.3,3.2,4.5,0.5,0.7,1.2,0.5,1.1,6.8
192,Cedi Osman,SF,28,SAS,72,3,17.6,2.6,5.3,0.479,1.2,3.1,0.389,1.4,2.3,0.601,0.591,0.5,0.7,0.673,0.3,2.2,2.5,1.7,0.5,0.2,0.7,1.5,6.8
193,Day'Ron Sharpe,C,22,BRK,61,1,15.1,2.8,4.8,0.571,0.1,0.2,0.267,2.7,4.6,0.588,0.578,1.2,2,0.61,2.6,3.7,6.4,1.4,0.4,0.7,1.1,2.1,6.8
194,Cason Wallace,SG,20,OKC,82,13,20.6,2.6,5.4,0.491,1.2,2.9,0.419,1.5,2.5,0.572,0.602,0.4,0.5,0.784,0.6,1.6,2.3,1.5,0.9,0.5,0.5,1.6,6.8
195,Peyton Watson,SF,21,DEN,80,4,18.6,2.6,5.6,0.465,0.6,1.9,0.296,2,3.7,0.553,0.516,0.9,1.3,0.67,0.7,2.5,3.2,1.1,0.5,1.1,0.7,1.8,6.7
196,Amir Coffey,SF,26,LAC,70,13,20.9,2.4,5,0.472,1,2.6,0.38,1.4,2.4,0.571,0.571,0.9,1,0.859,0.4,1.7,2.1,1.1,0.6,0.2,0.5,1.5,6.6
197,Aaron Holiday,PG,27,HOU,78,1,16.3,2.4,5.3,0.446,1.1,2.8,0.387,1.3,2.6,0.51,0.547,0.7,0.8,0.921,0.3,1.3,1.6,1.8,0.5,0.1,0.7,1.6,6.6
198,Jeff Green,PF,37,HOU,78,6,16.8,2.1,4.7,0.456,0.7,2.1,0.331,1.5,2.6,0.553,0.529,1.6,1.9,0.819,0.6,1.7,2.3,0.9,0.2,0.4,0.6,1.3,6.5
199,Isaiah Jackson,C,22,IND,59,3,13.1,2.6,3.9,0.665,0,0.1,0,2.6,3.9,0.677,0.665,1.2,1.7,0.716,1.6,2.4,4,0.8,0.6,1,0.7,2.3,6.5
200,David Roddy,PF,22,TOT,65,13,18.1,2.5,6.3,0.403,0.7,2.5,0.293,1.8,3.8,0.478,0.462,0.7,1,0.691,0.8,2.4,3.2,1.2,0.4,0.2,0.9,1.1,6.5
201,Kyle Anderson,PF,30,MIN,79,10,22.6,2.5,5.5,0.46,0.1,0.6,0.229,2.4,4.9,0.488,0.472,1.2,1.7,0.708,0.8,2.7,3.5,4.2,0.9,0.6,1.2,1.6,6.4
202,Daniel Theis,C,31,TOT,60,3,16.9,2.6,4.9,0.532,0.4,1.2,0.366,2.2,3.7,0.586,0.577,0.6,0.8,0.76,1.4,2.7,4.1,1,0.4,0.9,0.7,2.1,6.3
203,Patrick Beverley,PG,35,TOT,73,13,20,2.2,5.2,0.417,0.8,2.5,0.337,1.3,2.7,0.49,0.497,1,1.2,0.822,0.7,2.6,3.3,2.9,0.6,0.4,0.9,1.8,6.2
204,Haywood Highsmith,PF,27,MIA,66,26,20.7,2.3,5,0.465,1.2,2.9,0.396,1.2,2.1,0.562,0.581,0.3,0.5,0.639,1,2.2,3.2,1.1,0.8,0.5,0.5,1.8,6.1
205,Kris Murray,SF,23,POR,62,29,21.7,2.3,5.9,0.396,0.8,3,0.268,1.5,3,0.525,0.463,0.6,0.9,0.661,1.4,2.2,3.6,1.3,0.9,0.3,0.9,1.5,6.1
206,Ochai Agbaji,SG,23,TOT,78,28,21,2.3,5.6,0.411,0.8,2.7,0.294,1.5,2.8,0.523,0.483,0.5,0.7,0.661,0.9,1.8,2.8,1.1,0.6,0.6,0.8,1.5,5.8
207,Dyson Daniels,PG,20,NOP,61,16,22.3,2.3,5.1,0.447,0.7,2.2,0.311,1.6,2.9,0.551,0.514,0.6,0.9,0.642,1,2.9,3.9,2.7,1.4,0.4,1,1.7,5.8
208,Larry Nance Jr.,C,31,NOP,61,0,19.9,2.3,4,0.573,0.4,1.1,0.415,1.8,2.9,0.631,0.629,0.8,1,0.77,1.5,3.5,5,1.9,1,0.3,0.8,1.6,5.7
209,Pat Connaughton,SF,31,MIL,76,3,22.1,2,4.6,0.435,1.1,3.1,0.345,0.9,1.4,0.633,0.553,0.6,0.8,0.759,0.7,2.5,3.1,2.1,0.5,0.3,0.6,1.3,5.6
210,Malachi Flynn,PG,25,TOT,69,0,12.7,2,4.7,0.418,0.8,2.4,0.331,1.2,2.3,0.513,0.505,0.8,1,0.732,0.3,1.3,1.7,1.9,0.6,0.1,0.9,1,5.5
211,Doug McDermott,SF,32,TOT,64,0,14.1,1.9,4.4,0.433,1.5,3.6,0.41,0.5,0.9,0.527,0.599,0.2,0.3,0.579,0.2,0.8,0.9,1.1,0.3,0,0.4,1,5.5
212,Kris Dunn,PG,29,UTA,66,32,18.9,2.2,4.7,0.47,0.6,1.7,0.369,1.6,3.1,0.525,0.535,0.3,0.5,0.688,0.8,2.1,2.9,3.8,1,0.4,1.2,2,5.4
213,Matisse Thybulle,SF,26,POR,65,19,22.9,1.9,4.9,0.397,1.2,3.6,0.346,0.7,1.3,0.535,0.524,0.3,0.4,0.759,0.5,1.6,2.1,1.4,1.7,0.8,0.6,1.4,5.4
214,Nicolas Batum,PF,35,TOT,60,38,25.5,1.9,4.3,0.453,1.2,3.1,0.395,0.7,1.2,0.606,0.596,0.3,0.4,0.714,1.2,3,4.1,2.1,0.8,0.6,0.7,1.8,5.3
215,Luke Kornet,C,28,BOS,63,7,15.6,2.3,3.2,0.7,0,0,1,2.2,3.2,0.698,0.702,0.8,0.9,0.907,1.9,2.3,4.1,1.1,0.4,1,0.3,1.2,5.3
216,Davion Mitchell,PG,25,SAC,72,4,15.3,2,4.5,0.452,0.8,2.2,0.361,1.2,2.3,0.539,0.54,0.4,0.6,0.714,0.3,1.1,1.3,1.9,0.2,0,0.6,1.2,5.3
217,Drew Eubanks,C,26,PHO,75,6,15.6,2,3.4,0.601,0,0,1,2,3.3,0.596,0.607,1,1.2,0.774,1.4,2.9,4.3,0.8,0.4,0.8,0.8,1.5,5.1
218,Bryce McGowens,SG,21,CHO,59,14,14.9,1.7,3.9,0.439,0.6,1.7,0.333,1.1,2.2,0.523,0.513,1.1,1.4,0.776,0.3,1.4,1.7,0.9,0.4,0.2,0.5,1.3,5.1
219,Goga Bitadze,C,24,ORL,62,33,15.4,2,3.4,0.603,0,0.2,0.143,2,3.1,0.636,0.608,0.9,1.4,0.655,1.8,2.9,4.6,1.3,0.5,1.2,0.7,1.7,5
220,Jevon Carter,PG,28,CHI,72,0,13.9,1.9,5.1,0.378,1.1,3.3,0.329,0.8,1.8,0.466,0.484,0.1,0.1,0.571,0.2,0.7,0.8,1.3,0.5,0.2,0.5,1,5
221,Garrison Mathews,SG,27,ATL,66,5,15,1.6,3.4,0.456,1.3,2.9,0.44,0.3,0.5,0.545,0.644,0.5,0.6,0.81,0.3,1.1,1.4,0.6,0.3,0.1,0.3,1.7,4.9
222,Kenrich Williams,PF,29,OKC,69,1,14.9,1.9,4.1,0.468,0.8,2,0.397,1.1,2,0.54,0.568,0.1,0.2,0.5,0.9,2.1,3,1.3,0.6,0.1,0.5,1.5,4.7
223,Anthony Black,PG,20,ORL,69,33,16.9,1.7,3.6,0.466,0.5,1.4,0.394,1.1,2.2,0.51,0.54,0.7,1.2,0.613,0.5,1.5,2,1.3,0.5,0.3,0.8,1.6,4.6
224,Josh Okogie,SG,25,PHO,60,11,16,1.4,3.4,0.417,0.5,1.6,0.309,1,1.9,0.509,0.488,1.3,1.7,0.745,1.2,1.3,2.6,1.1,0.8,0.4,0.6,1.1,4.6
225,Kevon Looney,C,27,GSW,74,36,16.1,1.9,3.1,0.597,0,0,0,1.9,3.1,0.599,0.597,0.8,1.1,0.675,1.9,3.7,5.7,1.8,0.4,0.4,0.7,2.1,4.5
226,Joe Ingles,SF,36,ORL,68,0,17.2,1.5,3.3,0.436,1,2.4,0.435,0.4,1,0.439,0.59,0.4,0.5,0.824,0.3,1.8,2.1,3,0.6,0.1,1,1.3,4.4
227,Blake Wesley,SG,20,SAS,61,3,14.4,1.7,3.5,0.474,0.2,0.9,0.218,1.5,2.6,0.563,0.502,0.9,1.3,0.667,0.3,1.2,1.5,2.7,0.5,0.1,0.9,1.5,4.4
228,Jaxson Hayes,C,23,LAL,70,5,12.5,1.8,2.5,0.72,0,0.1,0,1.8,2.4,0.754,0.72,0.7,1.2,0.622,1,2,3,0.5,0.5,0.4,0.6,1.8,4.3
229,Caleb Houstan,SF,21,ORL,59,13,13.8,1.4,3.5,0.388,1.2,3.3,0.373,0.1,0.2,0.615,0.563,0.4,0.4,0.808,0.5,0.9,1.4,0.5,0.3,0.1,0.3,1,4.3
230,Troy Brown Jr.,SF,24,TOT,59,15,14,1.4,3.8,0.372,0.8,2.4,0.333,0.6,1.4,0.435,0.476,0.5,0.6,0.865,0.4,2,2.4,1,0.4,0.1,0.5,0.7,4.2
231,Max Christie,SG,20,LAL,67,7,14.1,1.5,3.6,0.427,0.6,1.8,0.356,0.9,1.8,0.496,0.515,0.5,0.7,0.783,0.2,1.9,2.1,0.9,0.3,0.3,0.5,0.9,4.2
232,Jae'Sean Tate,SF,28,HOU,65,9,15.9,1.7,3.5,0.472,0.4,1.2,0.299,1.3,2.3,0.559,0.522,0.4,0.6,0.667,0.9,2.1,3,1,0.6,0.2,0.6,2.1,4.1
233,Justin Holiday,SG,34,DEN,58,9,14.9,1.5,3.3,0.454,0.9,2.3,0.404,0.6,1,0.569,0.595,0.1,0.1,0.75,0.2,1.1,1.2,1.2,0.6,0.2,0.2,1.2,4
234,Jaylin Williams,C,21,OKC,69,1,13,1.4,3.3,0.417,0.8,2.1,0.368,0.6,1.2,0.5,0.533,0.5,0.6,0.805,0.5,2.9,3.4,1.6,0.4,0.4,0.5,1.4,4
235,Chris Duarte,SF,26,SAC,59,11,12.2,1.4,3.6,0.381,0.7,2.2,0.346,0.6,1.4,0.434,0.486,0.4,0.6,0.788,0.4,1.4,1.8,0.7,0.5,0.1,0.4,1.4,3.9
236,KJ Martin,SF,23,TOT,60,2,12.4,1.6,3,0.536,0.1,0.5,0.286,1.5,2.6,0.582,0.558,0.4,0.7,0.537,0.7,1.5,2.2,0.9,0.4,0.2,0.5,1.7,3.7
237,Dwight Powell,C,32,DAL,63,9,13.3,1.1,1.7,0.679,0,0,0.333,1.1,1.6,0.689,0.684,1,1.4,0.708,1.5,1.9,3.4,1.3,0.4,0.3,0.5,1.8,3.3
238,Zeke Nnaji,PF,23,DEN,58,0,9.9,1.2,2.6,0.463,0.1,0.4,0.261,1.1,2.2,0.5,0.483,0.7,1.1,0.677,1.1,1.1,2.2,0.6,0.3,0.7,0.5,1.4,3.2
239,JT Thor,PF,21,CHO,63,3,12.4,1.3,2.9,0.437,0.4,1.3,0.346,0.8,1.6,0.51,0.514,0.2,0.3,0.55,0.7,1.6,2.3,0.5,0.2,0.4,0.2,1,3.2
240,Dalen Terry,SG,21,CHI,59,2,11.5,1.2,2.7,0.439,0.3,1.3,0.23,0.9,1.4,0.627,0.494,0.4,0.7,0.581,0.5,1.4,1.9,1.4,0.5,0.3,0.5,1.4,3.1
